Workbook

Sheet Master Pelanggaran
A1: No | B1: Kode Pasal | C1: Kategori | D1: Uraian Pelanggaran | E1: Poin Maks. | F1: Jenis | G1: Status Aktif
A2: 1 | B2: Pasal 10 ayat 1 | C2: Berat | D2: Mengkonsumsi dan/atau mengedarkan minuman keras, narkoba, atau sejenisnya | E2: 100 | F2: Pelanggaran | G2: Aktif
A3: 2 | B3: Pasal 10 ayat 2 | C3: Berat | D3: Melakukan pergaulan bebas dengan sejenis maupun lawan jenis yang tidak sesuai syari'at Agama | E3: 100 | F3: Pelanggaran | G3: Aktif
A4: 3 | B4: Pasal 10 ayat 3 | C4: Berat | D4: Menghina/melawan terhadap pengasuh, dzuriyyah, guru, pengurus, dan karyawan Pesantren Tebuireng | E4: 100 | F4: Pelanggaran | G4: Aktif
A5: 4 | B5: Pasal 10 ayat 4 | C5: Berat | D5: Melakukan pencurian dan/atau pemalakan baik uang maupun barang | E5: 100 | F5: Pelanggaran | G5: Aktif
A6: 5 | B6: Pasal 10 ayat 5 | C6: Berat | D6: Berkelahi dan melakukan penganiayaan | E6: 100 | F6: Pelanggaran | G6: Aktif
A7: 6 | B7: Pasal 10 ayat 6 | C7: Berat | D7: Memalsukan tanda tangan orang tua/Pengasuh/pengurus pondok, atau menggunakan stempel/surat resmi Pondok dan sekolah/madrasah | E7: 100 | F7: Pelanggaran | G7: Aktif
A8: 7 | B8: Pasal 10 ayat 7 | C8: Berat | D8: Mendatangi tempat maksiat (pelacuran, diskotek, perjudian, dan sejenisnya) | E8: 100 | F8: Pelanggaran | G8: Aktif
A9: 8 | B9: Pasal 10 ayat 8 | C9: Berat | D9: Mengikuti kegiatan bela diri selain yang diizinkan oleh pesantren | E9: 100 | F9: Pelanggaran | G9: Aktif
A10: 9 | B10: Pasal 10 ayat 9 | C10: Berat | D10: Menonton, menyimpan, dan/atau mengedarkan file video dan/atau gambar porno | E10: 100 | F10: Pelanggaran | G10: Aktif
A11: 10 | B11: Pasal 10 ayat 10 | C11: Berat | D11: Menggalang atau mengerahkan massa untuk unjuk rasa | E11: 100 | F11: Pelanggaran | G11: Aktif
A12: 11 | B12: Pasal 10 ayat 11 | C12: Berat | D12: Menikah selama masa pendidikan di pondok maupun di sekolah/madrasah | E12: 100 | F12: Pelanggaran | G12: Aktif
A13: 12 | B13: Pasal 10 ayat 12 | C13: Berat | D13: Memiliki rumah kos dan/atau bertempat tinggal di luar pondok | E13: 100 | F13: Pelanggaran | G13: Aktif
... A73: 72 | B73: Pasal 9 ayat 7 | C73: Kewajiban | D73: Siswa wajib mengikuti kegiatan organisasi siswa | E73: 2 | F73: Meninggalkan Kewajiban | G73: Aktif

Sheet Tabel Sanksi
A1: TABEL SANKSI BERDASARKAN AKUMULASI POIN
A2: Akumulasi poin dihitung per jenjang pendidikan, maksimal 100 poin (Pasal 13-14)
A4: Kategori Pelanggaran | B4: Rentang Poin | C4: Poin Min | D4: Poin Maks | E4: Tindakan Sanksi
A5: Ringan | B5: 1-20 | C5: 1 | D5: 20 | E5: Pembinaan; Roan
A6: Ringan | B6: 21-34 | C6: 21 | D6: 34 | E6: Pembinaan; Pemberitahuan orang tua; Roan
A7: Sedang | B7: 35-50 | C7: 35 | D7: 50 | E7: Pembinaan; Pemanggilan orang tua (peringatan); Digundul (putra) / jilbab pembinaan (putri); Menghafal Juz 30 atau surat pilihan; Menulis surat pilihan; Mengganti rugi sarana prasarana yang dirusak (Pasal 11 ayat 10)
A8: Sedang | B8: 51-74 | C8: 51 | D8: 74 | E8: Pembinaan; Pemanggilan orang tua (pernyataan); Digundul, wajib lapor shalat 5 waktu 30 hari tanpa putus; Menulis surat pilihan atau menghafal surat tertentu (Yasin, Waqi'ah, Ar-Rahman) dan Istighosah serta do'a
A9: Berat | B9: 75 | C9: 75 | D9: 75 | E9: Pembinaan; Pemanggilan orang tua (perjanjian); Pendampingan tenaga ahli; Wajib lapor shalat jama'ah; Tidak boleh izin keluar pondok selama 3 bulan
A10: Berat | B10: 100 | C10: 100 | D10: 100 | E10: Santri/siswa dikembalikan ke orang tua

Sheet Input Pelanggaran Santri
A1: FORM INPUT PELANGGARAN SANTRI (Data Entry)
A2: Pilih Kode Pasal pada kolom G, kolom H-J akan terisi otomatis dari sheet Master Pelanggaran
A4: No | B4: Tanggal | C4: Nama Santri | D4: NIS/NISN | E4: Kamar/Wisma | F4: Kelas | G4: Kode Pasal | H4: Uraian Pelanggaran (auto) | I4: Kategori (auto) | J4: Poin (auto) | K4: Akumulasi Poin | L4: Sanksi (lihat Tabel Sanksi) | M4: Petugas Pencatat | N4: Keterangan
A5: =IF(C5="","",ROW()-4) | H5: =IFERROR(INDEX('Master Pelanggaran'!$D$2:$D$73,MATCH(G5,'Master Pelanggaran'!$B$2:$B$73,0)),"") | I5: =IFERROR(INDEX('Master Pelanggaran'!$C$2:$C$73,MATCH(G5,'Master Pelanggaran'!$B$2:$B$73,0)),"") | J5: =IFERROR(INDEX('Master Pelanggaran'!$E$2:$E$73,MATCH(G5,'Master Pelanggaran'!$B$2:$B$73,0)),"") | K5: =IF(C5="","",SUMIFS($J$5:J5,$C$5:C5,C5)) | L5: =IF(K5="","",IF(K5>=100,"Dikembalikan ke orang tua",IF(K5>=75,"Pemanggilan ortu (perjanjian); Pendampingan ahli; Wajib lapor shalat jama'ah; Larangan keluar 3 bulan",IF(K5>=51,"Pemanggilan ortu (pernyataan); Digundul; Wajib lapor shalat 30 hari; Menghafal/menulis surat pilihan",IF(K5>=35,"Pemanggilan ortu (peringatan); Digundul/jilbab pembinaan; Menghafal Juz 30/surat pilihan",IF(K5>=21,"Pemberitahuan orang tua; Roan","Roan (Pembinaan)"))))))
A6: =IF(C6="","",ROW()-4) | H6: =IFERROR(INDEX('Master Pelanggaran'!$D$2:$D$73,MATCH(G6,'Master Pelanggaran'!$B$2:$B$73,0)),"") | I6: =IFERROR(INDEX('Master Pelanggaran'!$C$2:$C$73,MATCH(G6,'Master Pelanggaran'!$B$2:$B$73,0)),"") | J6: =IFERROR(INDEX('Master Pelanggaran'!$E$2:$E$73,MATCH(G6,'Master Pelanggaran'!$B$2:$B$73,0)),"") | K6: =IF(C6="","",SUMIFS($J$5:J6,$C$5:C6,C6)) | L6: =IF(K6="","",IF(K6>=100,"Dikembalikan ke orang tua",IF(K6>=75,"Pemanggilan ortu (perjanjian); Pendampingan ahli; Wajib lapor shalat jama'ah; Larangan keluar 3 bulan",IF(K6>=51,"Pemanggilan ortu (pernyataan); Digundul; Wajib lapor shalat 30 hari; Menghafal/menulis surat pilihan",IF(K6>=35,"Pemanggilan ortu (peringatan); Digundul/jilbab pembinaan; Menghafal Juz 30/surat pilihan",IF(K6>=21,"Pemberitahuan orang tua; Roan","Roan (Pembinaan)"))))))
A7: =IF(C7="","",ROW()-4) | H7: =IFERROR(INDEX('Master Pelanggaran'!$D$2:$D$73,MATCH(G7,'Master Pelanggaran'!$B$2:$B$73,0)),"") | I7: =IFERROR(INDEX('Master Pelanggaran'!$C$2:$C$73,MATCH(G7,'Master Pelanggaran'!$B$2:$B$73,0)),"") | J7: =IFERROR(INDEX('Master Pelanggaran'!$E$2:$E$73,MATCH(G7,'Master Pelanggaran'!$B$2:$B$73,0)),"") | K7: =IF(C7="","",SUMIFS($J$5:J7,$C$5:C7,C7)) | L7: =IF(K7="","",IF(K7>=100,"Dikembalikan ke orang tua",IF(K7>=75,"Pemanggilan ortu (perjanjian); Pendampingan ahli; Wajib lapor shalat jama'ah; Larangan keluar 3 bulan",IF(K7>=51,"Pemanggilan ortu (pernyataan); Digundul; Wajib lapor shalat 30 hari; Menghafal/menulis surat pilihan",IF(K7>=35,"Pemanggilan ortu (peringatan); Digundul/jilbab pembinaan; Menghafal Juz 30/surat pilihan",IF(K7>=21,"Pemberitahuan orang tua; Roan","Roan (Pembinaan)"))))))
A8: =IF(C8="","",ROW()-4) | H8: =IFERROR(INDEX('Master Pelanggaran'!$D$2:$D$73,MATCH(G8,'Master Pelanggaran'!$B$2:$B$73,0)),"") | I8: =IFERROR(INDEX('Master Pelanggaran'!$C$2:$C$73,MATCH(G8,'Master Pelanggaran'!$B$2:$B$73,0)),"") | J8: =IFERROR(INDEX('Master Pelanggaran'!$E$2:$E$73,MATCH(G8,'Master Pelanggaran'!$B$2:$B$73,0)),"") | K8: =IF(C8="","",SUMIFS($J$5:J8,$C$5:C8,C8)) | L8: =IF(K8="","",IF(K8>=100,"Dikembalikan ke orang tua",IF(K8>=75,"Pemanggilan ortu (perjanjian); Pendampingan ahli; Wajib lapor shalat jama'ah; Larangan keluar 3 bulan",IF(K8>=51,"Pemanggilan ortu (pernyataan); Digundul; Wajib lapor shalat 30 hari; Menghafal/menulis surat pilihan",IF(K8>=35,"Pemanggilan ortu (peringatan); Digundul/jilbab pembinaan; Menghafal Juz 30/surat pilihan",IF(K8>=21,"Pemberitahuan orang tua; Roan","Roan (Pembinaan)"))))))
A9: =IF(C9="","",ROW()-4) | H9: =IFERROR(INDEX('Master Pelanggaran'!$D$2:$D$73,MATCH(G9,'Master Pelanggaran'!$B$2:$B$73,0)),"") | I9: =IFERROR(INDEX('Master Pelanggaran'!$C$2:$C$73,MATCH(G9,'Master Pelanggaran'!$B$2:$B$73,0)),"") | J9: =IFERROR(INDEX('Master Pelanggaran'!$E$2:$E$73,MATCH(G9,'Master Pelanggaran'!$B$2:$B$73,0)),"") | K9: =IF(C9="","",SUMIFS($J$5:J9,$C$5:C9,C9)) | L9: =IF(K9="","",IF(K9>=100,"Dikembalikan ke orang tua",IF(K9>=75,"Pemanggilan ortu (perjanjian); Pendampingan ahli; Wajib lapor shalat jama'ah; Larangan keluar 3 bulan",IF(K9>=51,"Pemanggilan ortu (pernyataan); Digundul; Wajib lapor shalat 30 hari; Menghafal/menulis surat pilihan",IF(K9>=35,"Pemanggilan ortu (peringatan); Digundul/jilbab pembinaan; Menghafal Juz 30/surat pilihan",IF(K9>=21,"Pemberitahuan orang tua; Roan","Roan (Pembinaan)"))))))
A10: =IF(C10="","",ROW()-4) | H10: =IFERROR(INDEX('Master Pelanggaran'!$D$2:$D$73,MATCH(G10,'Master Pelanggaran'!$B$2:$B$73,0)),"") | I10: =IFERROR(INDEX('Master Pelanggaran'!$C$2:$C$73,MATCH(G10,'Master Pelanggaran'!$B$2:$B$73,0)),"") | J10: =IFERROR(INDEX('Master Pelanggaran'!$E$2:$E$73,MATCH(G10,'Master Pelanggaran'!$B$2:$B$73,0)),"") | K10: =IF(C10="","",SUMIFS($J$5:J10,$C$5:C10,C10)) | L10: =IF(K10="","",IF(K10>=100,"Dikembalikan ke orang tua",IF(K10>=75,"Pemanggilan ortu (perjanjian); Pendampingan ahli; Wajib lapor shalat jama'ah; Larangan keluar 3 bulan",IF(K10>=51,"Pemanggilan ortu (pernyataan); Digundul; Wajib lapor shalat 30 hari; Menghafal/menulis surat pilihan",IF(K10>=35,"Pemanggilan ortu (peringatan); Digundul/jilbab pembinaan; Menghafal Juz 30/surat pilihan",IF(K10>=21,"Pemberitahuan orang tua; Roan","Roan (Pembinaan)"))))))
A11: =IF(C11="","",ROW()-4) | H11: =IFERROR(INDEX('Master Pelanggaran'!$D$2:$D$73,MATCH(G11,'Master Pelanggaran'!$B$2:$B$73,0)),"") | I11: =IFERROR(INDEX('Master Pelanggaran'!$C$2:$C$73,MATCH(G11,'Master Pelanggaran'!$B$2:$B$73,0)),"") | J11: =IFERROR(INDEX('Master Pelanggaran'!$E$2:$E$73,MATCH(G11,'Master Pelanggaran'!$B$2:$B$73,0)),"") | K11: =IF(C11="","",SUMIFS($J$5:J11,$C$5:C11,C11)) | L11: =IF(K11="","",IF(K11>=100,"Dikembalikan ke orang tua",IF(K11>=75,"Pemanggilan ortu (perjanjian); Pendampingan ahli; Wajib lapor shalat jama'ah; Larangan keluar 3 bulan",IF(K11>=51,"Pemanggilan ortu (pernyataan); Digundul; Wajib lapor shalat 30 hari; Menghafal/menulis surat pilihan",IF(K11>=35,"Pemanggilan ortu (peringatan); Digundul/jilbab pembinaan; Menghafal Juz 30/surat pilihan",IF(K11>=21,"Pemberitahuan orang tua; Roan","Roan (Pembinaan)"))))))
A12: =IF(C12="","",ROW()-4) | H12: =IFERROR(INDEX('Master Pelanggaran'!$D$2:$D$73,MATCH(G12,'Master Pelanggaran'!$B$2:$B$73,0)),"") | I12: =IFERROR(INDEX('Master Pelanggaran'!$C$2:$C$73,MATCH(G12,'Master Pelanggaran'!$B$2:$B$73,0)),"") | J12: =IFERROR(INDEX('Master Pelanggaran'!$E$2:$E$73,MATCH(G12,'Master Pelanggaran'!$B$2:$B$73,0)),"") | K12: =IF(C12="","",SUMIFS($J$5:J12,$C$5:C12,C12)) | L12: =IF(K12="","",IF(K12>=100,"Dikembalikan ke orang tua",IF(K12>=75,"Pemanggilan ortu (perjanjian); Pendampingan ahli; Wajib lapor shalat jama'ah; Larangan keluar 3 bulan",IF(K12>=51,"Pemanggilan ortu (pernyataan); Digundul; Wajib lapor shalat 30 hari; Menghafal/menulis surat pilihan",IF(K12>=35,"Pemanggilan ortu (peringatan); Digundul/jilbab pembinaan; Menghafal Juz 30/surat pilihan",IF(K12>=21,"Pemberitahuan orang tua; Roan","Roan (Pembinaan)"))))))
A13: =IF(C13="","",ROW()-4) | H13: =IFERROR(INDEX('Master Pelanggaran'!$D$2:$D$73,MATCH(G13,'Master Pelanggaran'!$B$2:$B$73,0)),"") | I13: =IFERROR(INDEX('Master Pelanggaran'!$C$2:$C$73,MATCH(G13,'Master Pelanggaran'!$B$2:$B$73,0)),"") | J13: =IFERROR(INDEX('Master Pelanggaran'!$E$2:$E$73,MATCH(G13,'Master Pelanggaran'!$B$2:$B$73,0)),"") | K13: =IF(C13="","",SUMIFS($J$5:J13,$C$5:C13,C13)) | L13: =IF(K13="","",IF(K13>=100,"Dikembalikan ke orang tua",IF(K13>=75,"Pemanggilan ortu (perjanjian); Pendampingan ahli; Wajib lapor shalat jama'ah; Larangan keluar 3 bulan",IF(K13>=51,"Pemanggilan ortu (pernyataan); Digundul; Wajib lapor shalat 30 hari; Menghafal/menulis surat pilihan",IF(K13>=35,"Pemanggilan ortu (peringatan); Digundul/jilbab pembinaan; Menghafal Juz 30/surat pilihan",IF(K13>=21,"Pemberitahuan orang tua; Roan","Roan (Pembinaan)"))))))
A14: =IF(C14="","",ROW()-4) | H14: =IFERROR(INDEX('Master Pelanggaran'!$D$2:$D$73,MATCH(G14,'Master Pelanggaran'!$B$2:$B$73,0)),"") | I14: =IFERROR(INDEX('Master Pelanggaran'!$C$2:$C$73,MATCH(G14,'Master Pelanggaran'!$B$2:$B$73,0)),"") | J14: =IFERROR(INDEX('Master Pelanggaran'!$E$2:$E$73,MATCH(G14,'Master Pelanggaran'!$B$2:$B$73,0)),"") | K14: =IF(C14="","",SUMIFS($J$5:J14,$C$5:C14,C14)) | L14: =IF(K14="","",IF(K14>=100,"Dikembalikan ke orang tua",IF(K14>=75,"Pemanggilan ortu (perjanjian); Pendampingan ahli; Wajib lapor shalat jama'ah; Larangan keluar 3 bulan",IF(K14>=51,"Pemanggilan ortu (pernyataan); Digundul; Wajib lapor shalat 30 hari; Menghafal/menulis surat pilihan",IF(K14>=35,"Pemanggilan ortu (peringatan); Digundul/jilbab pembinaan; Menghafal Juz 30/surat pilihan",IF(K14>=21,"Pemberitahuan orang tua; Roan","Roan (Pembinaan)"))))))
A15: =IF(C15="","",ROW()-4) | H15: =IFERROR(INDEX('Master Pelanggaran'!$D$2:$D$73,MATCH(G15,'Master Pelanggaran'!$B$2:$B$73,0)),"") | I15: =IFERROR(INDEX('Master Pelanggaran'!$C$2:$C$73,MATCH(G15,'Master Pelanggaran'!$B$2:$B$73,0)),"") | J15: =IFERROR(INDEX('Master Pelanggaran'!$E$2:$E$73,MATCH(G15,'Master Pelanggaran'!$B$2:$B$73,0)),"") | K15: =IF(C15="","",SUMIFS($J$5:J15,$C$5:C15,C15)) | L15: =IF(K15="","",IF(K15>=100,"Dikembalikan ke orang tua",IF(K15>=75,"Pemanggilan ortu (perjanjian); Pendampingan ahli; Wajib lapor shalat jama'ah; Larangan keluar 3 bulan",IF(K15>=51,"Pemanggilan ortu (pernyataan); Digundul; Wajib lapor shalat 30 hari; Menghafal/menulis surat pilihan",IF(K15>=35,"Pemanggilan ortu (peringatan); Digundul/jilbab pembinaan; Menghafal Juz 30/surat pilihan",IF(K15>=21,"Pemberitahuan orang tua; Roan","Roan (Pembinaan)"))))))
A16: =IF(C16="","",ROW()-4) | H16: =IFERROR(INDEX('Master Pelanggaran'!$D$2:$D$73,MATCH(G16,'Master Pelanggaran'!$B$2:$B$73,0)),"") | I16: =IFERROR(INDEX('Master Pelanggaran'!$C$2:$C$73,MATCH(G16,'Master Pelanggaran'!$B$2:$B$73,0)),"") | J16: =IFERROR(INDEX('Master Pelanggaran'!$E$2:$E$73,MATCH(G16,'Master Pelanggaran'!$B$2:$B$73,0)),"") | K16: =IF(C16="","",SUMIFS($J$5:J16,$C$5:C16,C16)) | L16: =IF(K16="","",IF(K16>=100,"Dikembalikan ke orang tua",IF(K16>=75,"Pemanggilan ortu (perjanjian); Pendampingan ahli; Wajib lapor shalat jama'ah; Larangan keluar 3 bulan",IF(K16>=51,"Pemanggilan ortu (pernyataan); Digundul; Wajib lapor shalat 30 hari; Menghafal/menulis surat pilihan",IF(K16>=35,"Pemanggilan ortu (peringatan); Digundul/jilbab pembinaan; Menghafal Juz 30/surat pilihan",IF(K16>=21,"Pemberitahuan orang tua; Roan","Roan (Pembinaan)"))))))
... A204: =IF(C204="","",ROW()-4) | H204: =IFERROR(INDEX('Master Pelanggaran'!$D$2:$D$73,MATCH(G204,'Master Pelanggaran'!$B$2:$B$73,0)),"") | I204: =IFERROR(INDEX('Master Pelanggaran'!$C$2:$C$73,MATCH(G204,'Master Pelanggaran'!$B$2:$B$73,0)),"") | J204: =IFERROR(INDEX('Master Pelanggaran'!$E$2:$E$73,MATCH(G204,'Master Pelanggaran'!$B$2:$B$73,0)),"") | K204: =IF(C204="","",SUMIFS($J$5:J204,$C$5:C204,C204)) | L204: =IF(K204="","",IF(K204>=100,"Dikembalikan ke orang tua",IF(K204>=75,"Pemanggilan ortu (perjanjian); Pendampingan ahli; Wajib lapor shalat jama'ah; Larangan keluar 3 bulan",IF(K204>=51,"Pemanggilan ortu (pernyataan); Digundul; Wajib lapor shalat 30 hari; Menghafal/menulis surat pilihan",IF(K204>=35,"Pemanggilan ortu (peringatan); Digundul/jilbab pembinaan; Menghafal Juz 30/surat pilihan",IF(K204>=21,"Pemberitahuan orang tua; Roan","Roan (Pembinaan)"))))))

Sheet Panduan Penggunaan
A1: PANDUAN PENGGUNAAN FILE
A3: Sheet 'Master Pelanggaran' | B3: Berisi seluruh pasal, kategori, uraian, dan poin maksimal sesuai Buku Panduan Santri Tebuireng 2025 (Pasal 5, 8, 9, 10, 11, 12). Ini adalah sumber data utama (database) yang dipakai sheet lain. Kolom 'Status Aktif' bisa diubah ke 'Tidak Aktif' jika suatu pasal direvisi tanpa perlu menghapus baris.
A5: Sheet 'Tabel Sanksi' | B5: Berisi rentang akumulasi poin dan sanksi yang berlaku sesuai Pasal 14. Digunakan sebagai referensi otomatis pada Sheet 'Input Pelanggaran Santri'.
A7: Sheet 'Input Pelanggaran Santri' | B7: Form entry harian. Isi kolom Tanggal, Nama Santri, NIS/NISN, Kamar/Wisma, Kelas, lalu pilih 'Kode Pasal' dari dropdown (kolom G). Kolom Uraian, Kategori, Poin, Akumulasi Poin, dan Sanksi akan terisi otomatis melalui formula.
A9: Integrasi ke Website | B9: Setiap sheet dapat diekspor sebagai tabel terpisah (CSV) untuk diimpor ke database sistem absensi digital: 'Master Pelanggaran' -> tabel referensi 'master_pelanggaran'; 'Tabel Sanksi' -> tabel referensi 'master_sanksi'; 'Input Pelanggaran Santri' -> tabel transaksi 'log_pelanggaran_santri'.
A11: Kode Pasal | B11: Digunakan sebagai kunci (key) unik untuk menghubungkan data pelanggaran dengan uraian dan poin di database. Disarankan menambahkan kolom ID numerik/UUID pada sistem backend saat migrasi.
A13: Catatan | B13: Nilai poin dan sanksi sesuai dokumen sumber per 2025. Prestasi siswa dapat menjadi pertimbangan peringanan hukuman (Pasal 15 ayat 7) namun bersifat kebijakan khusus tidak tertulis, sehingga tidak dimasukkan sebagai formula otomatis.
